client_code,confirmation_statement_date
AB001,2026-05-01
AB003,2026-01-14
AB005,2026-05-08
AB006,2026-04-27
AC001,2026-08-22
AD007,2026-04-22
AL008,2026-11-01
AL009,2026-07-06
AL011,2026-06-29
AL012,2026-02-01
AM006,2026-01-19
AM009,2026-08-15
AN002,2026-10-21
AP001,2026-04-12
AR004,2026-08-30
AR010,2026-01-30
AS002,2026-09-12
AS003,2026-06-12
AS009,2026-03-28
AS010,2026-07-18
AU004,2026-10-18
AU007,2026-09-20
AU008,2026-12-12
AV002,2026-02-14
BA003,2026-04-04
BA005,2026-02-25
BA016,2026-02-22
BD001,2026-03-18
BE006,2026-11-26
BE012,2026-05-01
BE014,2026-07-04
BE015,2026-03-15
BE019,2026-10-04
BI012,2026-02-09
BK001,2026-01-09
BL006,2026-06-18
BL007,2026-11-30
BO010,2026-04-22
BR003,2026-04-19
BR004,2026-12-05
BR007,2026-03-01
BR010,2026-02-19
BR012,2026-01-23
BS001,2026-09-24
BU010,2026-07-01
BU011,2026-12-29
C.001,2026-10-17
C 002,2026-04-01
C 003,2026-09-28
c2001,2026-11-09
CA006,2026-01-08
CA018,2026-12-01
CA019,2026-10-01
CH003,2026-06-16
CH012,2026-08-02
CH013,2026-11-21
CL008,2026-06-10
CM002,2026-02-16
CO009,2026-11-25
CO012,2026-06-26
CO019,2026-11-22
CO021,2026-08-10
CO022,2026-06-23
CO024,2026-03-12
CO027,2026-02-16
CO030,2026-05-14
CO032,2026-02-19
CO033,2026-10-09
CO035,2026-12-22
CR007,2026-11-07
CR009,2026-03-30
CY001,2026-11-13
D1001,2026-08-12
DA007,2026-01-27
DA017,2026-01-12
DA018,2026-05-24
DA019,2026-01-24
DC001,2026-11-03
DE002,2026-01-19
DE004,2026-02-12
DE009,2026-11-14
DI008,2026-05-05
DI009,2026-05-05
DJ001,2026-11-09
DO006,2026-05-15
DP001,2026-06-03
DP002,2026-07-01
DR003,2026-10-12
ED001,2026-04-23
EF002,2026-04-01
EJ001,2026-04-07
EL007,2026-05-08
EM001,2026-08-14
EN004,2026-12-20
ER001,2026-02-04
EU002,2026-10-26
EV003,2026-02-25
EV00506,2026-11-05
FA005,2026-09-04
FA007,2026-07-02
FA009,2026-01-26
FI004,2026-03-15
FI007,2026-04-20
FI008,2026-07-29
FL002,2026-08-11
FO006,2026-09-12
FO008,2026-12-18
FR001,2026-03-04
FR002,2026-01-13
FS001,2026-04-03
GD001,2026-08-15
GE005,2026-02-25
GE006,2026-09-29
GE007,2026-03-21
GJ001,2026-02-18
GJ003,2026-03-10
GL006,2026-08-30
GL011,2026-12-09
GO007,2026-11-15
GO010,2026-12-17
GR007,2026-04-10
GS001,2026-01-30
HA021,2026-07-07
HA030,2026-04-09
HE001,2026-09-09
HE004,2026-12-12
HE005,2026-12-12
HE007,2026-10-01
HE008,2026-03-24
HI008,2026-11-26
HO001,2026-04-30
HO003,2026-03-25
HO006,2026-05-22
HO007,2026-11-22
HO010,2026-01-21
HO012,2026-06-10
HO016,2026-01-23
HW001,2026-04-19
IF001,2026-10-17
IF003,2026-05-13
IN002,2026-02-01
IN004,2026-04-09
IN006,2026-05-30
IN007,2026-04-25
IN008,2026-06-15
IS002,2026-07-22
IT001,2026-08-18
JA002,2026-11-15
JB002,2026-06-25
JE007,2026-06-01
JK001,2026-05-08
JL002,2026-04-20
JM001,2026-05-15
JO005,2026-12-03
JO006,2026-01-26
JU001,2026-01-22
JU004,2026-04-24
JW001,2026-10-09
KA012,2026-03-20
KE006,2026-04-06
KH001,2026-09-22
KN002,2026-05-05
KN006,2026-11-28
KN007,2026-11-28
KN010,2026-07-03
KO001,2026-10-22
KR001,2026-01-26
KS001,2026-03-31
KT001,2026-05-06
LA004,2026-06-06
LA008,2026-07-20
LA014,2026-01-21
LA099,2026-01-18
LE002,2026-05-13
LG001,2026-04-09
LI004,2026-11-16
LI009,2026-12-13
LI010,2026-07-17
LI014,2026-01-02
LJ001,2026-04-22
LO005,2026-09-25
LO011,2026-07-07
LO014,2026-03-08
LT001,2026-01-26
LV001,2026-09-08
MA015,2026-06-21
MA016,2026-09-02
MA019,2026-10-21
MA026,2026-01-01
MA028,2026-09-07
MA029,2026-06-23
MA034,2026-04-05
MA037,2026-11-04
ME001,2026-06-26
ME004,2026-06-08
ME008,2026-03-08
ME010,2026-11-04
ME011,2026-05-04
MG002,2026-05-12
MI007,2026-12-14
MI010,2026-03-15
MI014,2026-07-05
MJ002,2026-11-30
MO007,2026-10-15
MO017,2026-05-27
MS004,2026-04-14
MY002,2026-12-21
NE002,2026-08-10
NE004,2026-02-27
NI004,2026-10-14
NO001,2026-11-27
NO007,2026-05-03
NR001,2026-04-19
NS001,2026-10-05
NU001,2026-05-12
OA003,2026-10-08
OC002,2026-07-26
OF001,2026-07-03
OP001,2026-09-07
OP002,2026-10-06
PA007,2026-01-02
PA010,2026-02-23
PA015,2026-10-22
PA017,2026-04-09
PE007,2026-02-24
PH001,2026-09-04
PH002,2026-07-12
PH004,2026-02-17
PH005,2026-01-25
PI011,2026-06-09
PJ001,2026-01-21
PL002,2026-09-11
PO002,2026-03-31
PR003,2026-11-28
PR004,2026-04-14
PR005,2026-03-19
PR006,2026-09-21
PR013,2026-08-01
PR014,2026-05-16
PU003,2026-06-22
QU001,2026-03-28
RE007,2026-03-15
RE008,2026-07-24
RE013,2026-06-25
RE014,2026-10-15
RE015,2026-07-21
RE016,2026-05-14
RE018,2026-12-07
RH001,2026-08-21
RJ001,2026-07-20
RL001,2026-07-09
RO010,2026-01-29
RO016,2026-04-05
RP001,2026-09-05
RY001,2026-01-31
SA009,2026-02-06
SA021,2026-09-20
SC004,2026-04-30
SE003,2026-03-31
SE006,2026-09-26
SH005,2026-11-29
SH007,2026-10-09
SH013,2026-04-18
SI005,2026-07-16
SI007,2026-12-04
SJ002,2026-01-22
SK004,2026-07-25
SK009,2026-11-21
SK010,2026-04-09
SL003,2026-03-16
SM004,2026-02-03
SM012012,2026-08-13
SN002,2026-03-07
SO008,2026-10-31
SO009,2026-03-27
SO012,2026-04-08
SO013,2026-10-28
SP006,2026-12-11
SP007,2026-06-14
SP008,2026-06-11
ST004,2026-10-14
ST017,2026-12-06
ST018,2026-07-05
ST019,2026-02-07
SU001,2026-07-05
SU006,2026-05-12
SU008,2026-09-16
SW002,2026-10-24
TA008,2026-04-13
TA009,2026-11-18
TA010,2026-06-01
TA011,2026-10-18
TE001,2026-08-01
TE003,2026-01-29
TE004,2026-10-07
TE005,2026-04-12
TE007,2026-10-18
TE008,2026-06-03
TH013,2026-03-09
TH016,2026-05-22
TH017,2026-04-13
TI009,2026-04-29
TI010,2026-12-16
TO003,2026-12-02
TO004,2026-03-09
TR001,2026-01-12
TR002,2026-02-28
TR005,2026-01-23
TR006,2026-05-01
TR008,2026-04-13
TR011,2026-10-15
TS001,2026-05-19
TU002,2026-04-27
TU003,2026-05-04
TW002,2026-10-20
TW003,2026-11-08
UK002,2026-05-04
UK003,2026-05-04
UK004,2026-02-07
UN003,2026-09-04
US001,2026-09-01
VA003,2026-01-28
VA006,2026-04-28
VA007,2026-04-12
VD003,2026-11-06
VE005,2026-06-13
VE006,2026-09-07
VI007,2026-02-22
VI012,2026-04-22
WA006,2026-03-18
WH007,2026-04-06
WI012,2026-04-06
WI013,2026-09-26
YA002,2026-03-17
YO001,2026-01-07
YO003,2026-03-31
ZE002,2026-12-12
ZM002,2026-03-07
